-- MySQL dump 10.13  Distrib 5.7.23, for Linux (aarch64)
--
-- Host: localhost    Database: 
-- ------------------------------------------------------
-- Server version	5.7.23-0ubuntu0.16.04.1

/*!40101 SET @OLD_CHARACTER_SET_CLIENT=@@CHARACTER_SET_CLIENT */;
/*!40101 SET @OLD_CHARACTER_SET_RESULTS=@@CHARACTER_SET_RESULTS */;
/*!40101 SET @OLD_COLLATION_CONNECTION=@@COLLATION_CONNECTION */;
/*!40101 SET NAMES utf8 */;
/*!40103 SET @OLD_TIME_ZONE=@@TIME_ZONE */;
/*!40103 SET TIME_ZONE='+00:00' */;
/*!40014 SET @OLD_UNIQUE_CHECKS=@@UNIQUE_CHECKS, UNIQUE_CHECKS=0 */;
/*!40014 SET @OLD_FOREIGN_KEY_CHECKS=@@FOREIGN_KEY_CHECKS, FOREIGN_KEY_CHECKS=0 */;
/*!40101 SET @OLD_SQL_MODE=@@SQL_MODE, SQL_MODE='NO_AUTO_VALUE_ON_ZERO' */;
/*!40111 SET @OLD_SQL_NOTES=@@SQL_NOTES, SQL_NOTES=0 */;

--
-- Current Database: `yawong`
--

CREATE DATABASE /*!32312 IF NOT EXISTS*/ `yawong` /*!40100 DEFAULT CHARACTER SET utf8 */;

USE `yawong`;

--
-- Table structure for table `cycle`
--

DROP TABLE IF EXISTS `cycle`;
/*!40101 SET @saved_cs_client     = @@character_set_client */;
/*!40101 SET character_set_client = utf8 */;
CREATE TABLE `cycle` (
  `cycle` int(11) NOT NULL,
  `roll` int(11) NOT NULL,
  `total` int(11) DEFAULT NULL,
  `chk` varchar(10) DEFAULT NULL,
  PRIMARY KEY (`cycle`)
) ENGINE=InnoDB DEFAULT CHARSET=utf8;
/*!40101 SET character_set_client = @saved_cs_client */;

--
-- Dumping data for table `cycle`
--

LOCK TABLES `cycle` WRITE;
/*!40000 ALTER TABLE `cycle` DISABLE KEYS */;
INSERT INTO `cycle` VALUES (9,1,15,'완료'),(10,4,46,'완료'),(11,4,64,'완료'),(12,6,46,'완료'),(13,6,95,'미지급'),(14,6,79,'미지급'),(15,6,69,'미지급'),(16,6,65,'미지급'),(17,6,41,'미지급'),(18,6,76,'미지급');
/*!40000 ALTER TABLE `cycle` ENABLE KEYS */;
UNLOCK TABLES;

--
-- Table structure for table `fee`
--

DROP TABLE IF EXISTS `fee`;
/*!40101 SET @saved_cs_client     = @@character_set_client */;
/*!40101 SET character_set_client = utf8 */;
CREATE TABLE `fee` (
  `cycle` int(10) NOT NULL,
  `fee` float DEFAULT NULL,
  PRIMARY KEY (`cycle`)
) ENGINE=InnoDB DEFAULT CHARSET=utf8;
/*!40101 SET character_set_client = @saved_cs_client */;

--
-- Dumping data for table `fee`
--

LOCK TABLES `fee` WRITE;
/*!40000 ALTER TABLE `fee` DISABLE KEYS */;
INSERT INTO `fee` VALUES (9,0.825),(10,2.53),(11,3.52),(12,2.53);
/*!40000 ALTER TABLE `fee` ENABLE KEYS */;
UNLOCK TABLES;

--
-- Table structure for table `payout`
--

DROP TABLE IF EXISTS `payout`;
/*!40101 SET @saved_cs_client     = @@character_set_client */;
/*!40101 SET character_set_client = utf8 */;
CREATE TABLE `payout` (
  `address` varchar(100) NOT NULL,
  `cycle` int(11) NOT NULL,
  `reward` float DEFAULT NULL,
  `day` date DEFAULT NULL,
  PRIMARY KEY (`address`,`cycle`)
) ENGINE=InnoDB DEFAULT CHARSET=utf8;
/*!40101 SET character_set_client = @saved_cs_client */;

--
-- Dumping data for table `payout`
--

LOCK TABLES `payout` WRITE;
/*!40000 ALTER TABLE `payout` DISABLE KEYS */;
INSERT INTO `payout` VALUES ('-',9,17.01,'2018-08-25'),('-',10,13.041,'2018-08-25'),('-',11,18.144,'2018-08-25'),('-',12,8.694,'2018-08-25'),('tz1azNjsLJiaRZ6Zj43sHchvHYD3DLbvwUko',12,1.086,'2018-08-25'),('tz1ehBrvenpeUCKZBcgH34VMr5KPg9gxzkSP',12,7.197,'2018-08-25'),('tz1LqSfBZQXWiXwsYchUiYSFgkiNT3eY9Wij',12,0.362,'2018-08-25'),('tz1PrQjp38WaZAKtEGSM4RmgefBcZz838tX2',10,10.867,'2018-08-25'),('tz1PrQjp38WaZAKtEGSM4RmgefBcZz838tX2',11,15.12,'2018-08-25'),('tz1PrQjp38WaZAKtEGSM4RmgefBcZz838tX2',12,7.244,'2018-08-25'),('tz1UrUfcaEYaND4UuhkpX5Ao1auWVDMqvP49',12,0.97,'2018-08-25'),('tz1WuEwAexbx1T7PwCPRnB4Ln3VjQyGrTLwF',10,13.041,'2018-08-25'),('tz1WuEwAexbx1T7PwCPRnB4Ln3VjQyGrTLwF',11,18.144,'2018-08-25'),('tz1WuEwAexbx1T7PwCPRnB4Ln3VjQyGrTLwF',12,11.501,'2018-08-25'),('tz1XERm1hayQWaAt6MriD3W1W7nQVCzbshKk',10,6.52,'2018-08-25'),('tz1XERm1hayQWaAt6MriD3W1W7nQVCzbshKk',11,9.072,'2018-08-25'),('tz1XERm1hayQWaAt6MriD3W1W7nQVCzbshKk',12,4.347,'2018-08-25');
/*!40000 ALTER TABLE `payout` ENABLE KEYS */;
UNLOCK TABLES;

--
-- Table structure for table `user`
--

DROP TABLE IF EXISTS `user`;
/*!40101 SET @saved_cs_client     = @@character_set_client */;
/*!40101 SET character_set_client = utf8 */;
CREATE TABLE `user` (
  `name` varchar(50) NOT NULL,
  `address` varchar(100) NOT NULL,
  PRIMARY KEY (`address`)
) ENGINE=InnoDB DEFAULT CHARSET=utf8;
/*!40101 SET character_set_client = @saved_cs_client */;

--
-- Dumping data for table `user`
--

LOCK TABLES `user` WRITE;
/*!40000 ALTER TABLE `user` DISABLE KEYS */;
INSERT INTO `user` VALUES ('코인야웅','-'),('김태현','tz1azNjsLJiaRZ6Zj43sHchvHYD3DLbvwUko'),('제임스','tz1ehBrvenpeUCKZBcgH34VMr5KPg9gxzkSP'),('HAN','tz1LqSfBZQXWiXwsYchUiYSFgkiNT3eY9Wij'),('무이투','tz1PrQjp38WaZAKtEGSM4RmgefBcZz838tX2'),('아크머신','tz1UrUfcaEYaND4UuhkpX5Ao1auWVDMqvP49'),('아기고래','tz1WuEwAexbx1T7PwCPRnB4Ln3VjQyGrTLwF'),('수호천사','tz1XERm1hayQWaAt6MriD3W1W7nQVCzbshKk');
/*!40000 ALTER TABLE `user` ENABLE KEYS */;
UNLOCK TABLES;

--
-- Table structure for table `user_info`
--

DROP TABLE IF EXISTS `user_info`;
/*!40101 SET @saved_cs_client     = @@character_set_client */;
/*!40101 SET character_set_client = utf8 */;
CREATE TABLE `user_info` (
  `address` varchar(100) NOT NULL,
  `cycle` int(11) NOT NULL,
  `balance` int(11) NOT NULL,
  `day` date DEFAULT NULL,
  PRIMARY KEY (`address`,`cycle`)
) ENGINE=InnoDB DEFAULT CHARSET=utf8;
/*!40101 SET character_set_client = @saved_cs_client */;

--
-- Dumping data for table `user_info`
--

LOCK TABLES `user_info` WRITE;
/*!40000 ALTER TABLE `user_info` DISABLE KEYS */;
INSERT INTO `user_info` VALUES ('-',2,12000,'2018-08-09'),('tz1azNjsLJiaRZ6Zj43sHchvHYD3DLbvwUko',5,1500,'2018-08-09'),('tz1ehBrvenpeUCKZBcgH34VMr5KPg9gxzkSP',5,9935,'2018-08-09'),('tz1LqSfBZQXWiXwsYchUiYSFgkiNT3eY9Wij',5,500,'2018-08-09'),('tz1PrQjp38WaZAKtEGSM4RmgefBcZz838tX2',3,10000,'2018-08-09'),('tz1UrUfcaEYaND4UuhkpX5Ao1auWVDMqvP49',5,1339,'2018-08-09'),('tz1WuEwAexbx1T7PwCPRnB4Ln3VjQyGrTLwF',3,12000,'2018-08-09'),('tz1WuEwAexbx1T7PwCPRnB4Ln3VjQyGrTLwF',5,3875,'2018-08-09'),('tz1WuEwAexbx1T7PwCPRnB4Ln3VjQyGrTLwF',7,1351,'2018-08-09'),('tz1WuEwAexbx1T7PwCPRnB4Ln3VjQyGrTLwF',8,700,'2018-08-09'),('tz1WuEwAexbx1T7PwCPRnB4Ln3VjQyGrTLwF',14,800,'2018-08-09'),('tz1XERm1hayQWaAt6MriD3W1W7nQVCzbshKk',3,6000,'2018-08-09'),('tz1XERm1hayQWaAt6MriD3W1W7nQVCzbshKk',13,10000,'2018-08-09'),('tz1XERm1hayQWaAt6MriD3W1W7nQVCzbshKk',18,-10000,'2018-08-25');
/*!40000 ALTER TABLE `user_info` ENABLE KEYS */;
UNLOCK TABLES;
/*!40103 SET TIME_ZONE=@OLD_TIME_ZONE */;

/*!40101 SET SQL_MODE=@OLD_SQL_MODE */;
/*!40014 SET FOREIGN_KEY_CHECKS=@OLD_FOREIGN_KEY_CHECKS */;
/*!40014 SET UNIQUE_CHECKS=@OLD_UNIQUE_CHECKS */;
/*!40101 SET CHARACTER_SET_CLIENT=@OLD_CHARACTER_SET_CLIENT */;
/*!40101 SET CHARACTER_SET_RESULTS=@OLD_CHARACTER_SET_RESULTS */;
/*!40101 SET COLLATION_CONNECTION=@OLD_COLLATION_CONNECTION */;
/*!40111 SET SQL_NOTES=@OLD_SQL_NOTES */;

-- Dump completed on 2018-08-25 18:09:07
